{"data_time": 0.02217335557937622, "time": 0.33185654211044313}